0.0.0.0,connectome,0.001014199
10.139.10.204,roper,0.001014199
10.151.57.13,hercules,0.001014199
103.16.126.150,production,0.001014199
104.209.160.170,9E+88,0.001014199
104.209.160.170,a4d3,0.001014199
104.209.160.170,angelfire,0.001014199
104.209.160.170,connectome,0.001014199
104.209.160.170,distro,0.001014199
104.209.160.170,hippocrates,0.001014199
104.209.160.170,kubera,0.001014199
104.209.160.170,performance,0.001014199
104.209.160.170,roper,0.001014199
104.209.160.170,subjectdataintegration,0.001014199
108.61.68.166,angelfire,0.001014199
108.61.68.166,connectome,0.001014199
108.61.68.166,eureka,0.001014199
108.61.68.166,hippocrates,0.001014199
108.61.68.166,innovate,0.001014199
108.61.68.166,mauth,0.001014199
108.61.68.166,parley,0.001014199
111.74.239.61,9E+88,0.001014199
111.74.239.61,validation,0.001014199
112.111.1.229,mawashi,0.001014199
112.111.2.72,mawashi,0.001014199
112.94.147.57,a4d3,0.001014199
112.94.148.165,a4d3,0.001014199
112.94.169.215,e2e5,0.001014199
112.94.186.179,a4d3,0.001014199
112.94.187.165,e2e5,0.001014199
113.240.250.155,9E+88,0.001014199
113.240.250.155,aegis,0.001014199
113.240.250.155,balance,0.001014199
113.240.250.155,parley,0.001014199
113.240.250.155,validation,0.001014199
113.247.99.40,hercules,0.001014199
113.30.141.46,production,0.001014199
117.21.173.36,e2e5,0.001014199
117.21.173.36,validation,0.001014199
117.32.137.181,plinth,0.001014199
119.131.44.108,Dalton,0.001014199
119.131.44.108,a4d3,0.001014199
119.131.44.108,heureka,0.001014199
119.131.44.108,imedidata,0.001014199
119.131.44.108,janus,0.001014199
119.131.46.44,parley,0.001014199
120.132.77.5,production,0.001014199
122.233.180.95,plinth,0.001014199
122.241.211.96,hercules,0.001014199
122.241.211.96,validation,0.001014199
123.158.60.170,9E+88,0.001014199
123.220.251.190,9E+88,0.001014199
123.220.251.190,polybus,0.001014199
123.220.251.190,validation,0.001014199
124.90.48.156,9E+88,0.001014199
124.90.49.103,9E+88,0.001014199
124.90.52.215,9E+88,0.001014199
137.226.113.7,angelfire,0.001014199
137.226.113.7,hercules,0.001014199
137.226.113.7,sandbox,0.001014199
137.226.59.131,distro,0.001014199
137.226.59.131,parley,0.001014199
14.147.84.221,heureka,0.001014199
14.147.87.179,imedidata,0.001014199
141.212.121.128,e2e5,0.001014199
141.212.121.144,a4d3,0.001014199
141.212.121.144,angelfire,0.001014199
141.212.121.144,e2e5,0.001014199
141.212.121.144,hippocrates,0.001014199
141.212.121.144,roper,0.001014199
141.212.121.144,sandbox,0.001014199
141.212.121.152,a4d3,0.001014199
141.212.121.152,e2e5,0.001014199
141.212.121.152,hippocrates,0.001014199
141.212.121.152,performance,0.001014199
141.212.121.152,polybus,0.001014199
141.212.122.122,9E+88,0.001014199
141.212.122.122,a4d3,0.001014199
141.212.122.122,angelfire,0.001014199
141.212.122.122,connectome,0.001014199
141.212.122.122,e2e5,0.001014199
141.212.122.122,hercules,0.001014199
141.212.122.122,hippocrates,0.001014199
141.212.122.122,obento,0.001014199
141.212.122.122,performance,0.001014199
141.212.122.122,sandbox,0.001014199
141.212.122.130,e2e5,0.001014199
141.212.122.147,balance,0.001014199
141.212.122.147,distro,0.001014199
141.212.122.147,docks,0.001014199
141.212.122.147,imedidata,0.001014199
141.212.122.147,mauth,0.001014199
141.212.122.178,parley,0.001014199
141.212.122.194,a4d3,0.001014199
141.212.122.194,angelfire,0.001014199
141.212.122.194,obento,0.001014199
141.212.122.194,roper,0.001014199
141.212.122.202,hercules,0.001014199
141.212.122.202,obento,0.001014199